Workbook

Sheet פרמטרים
A1: מחשבון תגמול מבוסס-ערך — Gainsharing / חלק ברווח
A2: מקרא: תאים צהובים עם טקסט כחול = קלט לעריכה. שחור = נוסחה. הערכים הם דוגמה בלבד — להחליף בנתוני הלקוח.
A4: פרמטר | B4: ערך | C4: הסבר
A5: Retainer — תשלום בסיס חודשי | B5: 3000 | C5: רצפה: משולם בכל חודש גם בלי שיפור. 0 = אין רצפה.
A6: אחוז חלוקה מהדלתא | B6: 0.2 | C6: החלק של היועץ ברווח הגולמי שמעל הסף.
A7: Hurdle — סף שיפור | B7: 0.03 | C7: שיפור מתחת לסף נחשב רעש ולא מתוגמל.
A8: מקדם שוק / אינפלציה לבייסליין | B8: 0.02 | C8: מנרמל את בייסליין אשתקד לתנאי השנה.
A9: תקרה חודשית לתשלום | B9: 15000 | C9: כולל retainer.
A10: תקרה שנתית לתשלום | B10: 120000 | C10: מגבילה את סך התשלום בשנה.

Sheet חישוב חודשי
A1: חודש | B1: רווח גולמי — אותו חודש אשתקד (₪) | C1: החרגה (1=אירוע חיצוני) | D1: בייסליין מנורמל (₪) | E1: רווח גולמי בפועל (₪) | F1: סף לתגמול (₪) | G1: דלתא מעל הסף (₪) | H1: רכיב משתנה (₪) | I1: תשלום ליועץ (₪) | J1: שיפור ללקוח מעל בייסליין (₪) | K1: נשאר ללקוח אחרי תשלום (₪)
A2: ינואר | B2: 62000 | C2: 0 | D2: =B2*(1+פרמטרים!$B$8) -> 63240 | E2: 63000 | F2: =D2*(1+פרמטרים!$B$7) -> 65137.2 | G2: =IF(OR(C2=1,E2=0),0,MAX(0,E2-F2)) -> 0 | H2: =פרמטרים!$B$6*G2 -> 0 | I2: =MIN(פרמטרים!$B$9,פרמטרים!$B$5+H2) -> 3000 | J2: =IF(E2=0,0,E2-D2) -> -240 | K2: =J2-I2 -> -3240
A3: פברואר | B3: 60000 | C3: 0 | D3: =B3*(1+פרמטרים!$B$8) -> 61200 | E3: 62500 | F3: =D3*(1+פרמטרים!$B$7) -> 63036 | G3: =IF(OR(C3=1,E3=0),0,MAX(0,E3-F3)) -> 0 | H3: =פרמטרים!$B$6*G3 -> 0 | I3: =MIN(פרמטרים!$B$9,פרמטרים!$B$5+H3) -> 3000 | J3: =IF(E3=0,0,E3-D3) -> 1300 | K3: =J3-I3 -> -1700
A4: מרץ | B4: 68000 | C4: 0 | D4: =B4*(1+פרמטרים!$B$8) -> 69360 | E4: 71000 | F4: =D4*(1+פרמטרים!$B$7) -> 71440.8 | G4: =IF(OR(C4=1,E4=0),0,MAX(0,E4-F4)) -> 0 | H4: =פרמטרים!$B$6*G4 -> 0 | I4: =MIN(פרמטרים!$B$9,פרמטרים!$B$5+H4) -> 3000 | J4: =IF(E4=0,0,E4-D4) -> 1640 | K4: =J4-I4 -> -1360
A5: אפריל | B5: 72000 | C5: 0 | D5: =B5*(1+פרמטרים!$B$8) -> 73440 | E5: 78000 | F5: =D5*(1+פרמטרים!$B$7) -> 75643.2 | G5: =IF(OR(C5=1,E5=0),0,MAX(0,E5-F5)) -> 2356.8 | H5: =פרמטרים!$B$6*G5 -> 471.36 | I5: =MIN(פרמטרים!$B$9,פרמטרים!$B$5+H5) -> 3471.36 | J5: =IF(E5=0,0,E5-D5) -> 4560 | K5: =J5-I5 -> 1088.64
A6: מאי | B6: 78000 | C6: 0 | D6: =B6*(1+פרמטרים!$B$8) -> 79560 | E6: 84000 | F6: =D6*(1+פרמטרים!$B$7) -> 81946.8 | G6: =IF(OR(C6=1,E6=0),0,MAX(0,E6-F6)) -> 2053.2 | H6: =פרמטרים!$B$6*G6 -> 410.64 | I6: =MIN(פרמטרים!$B$9,פרמטרים!$B$5+H6) -> 3410.64 | J6: =IF(E6=0,0,E6-D6) -> 4440 | K6: =J6-I6 -> 1029.36
A7: יוני | B7: 85000 | C7: 0 | D7: =B7*(1+פרמטרים!$B$8) -> 86700 | E7: 91000 | F7: =D7*(1+פרמטרים!$B$7) -> 89301 | G7: =IF(OR(C7=1,E7=0),0,MAX(0,E7-F7)) -> 1699 | H7: =פרמטרים!$B$6*G7 -> 339.8 | I7: =MIN(פרמטרים!$B$9,פרמטרים!$B$5+H7) -> 3339.8 | J7: =IF(E7=0,0,E7-D7) -> 4300 | K7: =J7-I7 -> 960.2
A8: יולי | B8: 90000 | C8: 0 | D8: =B8*(1+פרמטרים!$B$8) -> 91800 | E8: 97000 | F8: =D8*(1+פרמטרים!$B$7) -> 94554 | G8: =IF(OR(C8=1,E8=0),0,MAX(0,E8-F8)) -> 2446 | H8: =פרמטרים!$B$6*G8 -> 489.2 | I8: =MIN(פרמטרים!$B$9,פרמטרים!$B$5+H8) -> 3489.2 | J8: =IF(E8=0,0,E8-D8) -> 5200 | K8: =J8-I8 -> 1710.8
A9: אוגוסט | B9: 92000 | C9: 0 | D9: =B9*(1+פרמטרים!$B$8) -> 93840 | E9: 99000 | F9: =D9*(1+פרמטרים!$B$7) -> 96655.2 | G9: =IF(OR(C9=1,E9=0),0,MAX(0,E9-F9)) -> 2344.8 | H9: =פרמטרים!$B$6*G9 -> 468.96 | I9: =MIN(פרמטרים!$B$9,פרמטרים!$B$5+H9) -> 3468.96 | J9: =IF(E9=0,0,E9-D9) -> 5160 | K9: =J9-I9 -> 1691.04
A10: ספטמבר | B10: 80000 | C10: 0 | D10: =B10*(1+פרמטרים!$B$8) -> 81600 | E10: 86000 | F10: =D10*(1+פרמטרים!$B$7) -> 84048 | G10: =IF(OR(C10=1,E10=0),0,MAX(0,E10-F10)) -> 1952 | H10: =פרמטרים!$B$6*G10 -> 390.4 | I10: =MIN(פרמטרים!$B$9,פרמטרים!$B$5+H10) -> 3390.4 | J10: =IF(E10=0,0,E10-D10) -> 4400 | K10: =J10-I10 -> 1009.6
A11: אוקטובר | B11: 75000 | C11: 0 | D11: =B11*(1+פרמטרים!$B$8) -> 76500 | E11: 0 | F11: =D11*(1+פרמטרים!$B$7) -> 78795 | G11: =IF(OR(C11=1,E11=0),0,MAX(0,E11-F11)) -> 0 | H11: =פרמטרים!$B$6*G11 -> 0 | I11: =MIN(פרמטרים!$B$9,פרמטרים!$B$5+H11) -> 3000 | J11: =IF(E11=0,0,E11-D11) -> 0 | K11: =J11-I11 -> -3000
A12: נובמבר | B12: 66000 | C12: 0 | D12: =B12*(1+פרמטרים!$B$8) -> 67320 | E12: 0 | F12: =D12*(1+פרמטרים!$B$7) -> 69339.6 | G12: =IF(OR(C12=1,E12=0),0,MAX(0,E12-F12)) -> 0 | H12: =פרמטרים!$B$6*G12 -> 0 | I12: =MIN(פרמטרים!$B$9,פרמטרים!$B$5+H12) -> 3000 | J12: =IF(E12=0,0,E12-D12) -> 0 | K12: =J12-I12 -> -3000
A13: דצמבר | B13: 70000 | C13: 0 | D13: =B13*(1+פרמטרים!$B$8) -> 71400 | E13: 0 | F13: =D13*(1+פרמטרים!$B$7) -> 73542 | G13: =IF(OR(C13=1,E13=0),0,MAX(0,E13-F13)) -> 0 | H13: =פרמטרים!$B$6*G13 -> 0 | I13: =MIN(פרמטרים!$B$9,פרמטרים!$B$5+H13) -> 3000 | J13: =IF(E13=0,0,E13-D13) -> 0 | K13: =J13-I13 -> -3000
A14: סה"כ שנתי | B14: =SUM(B2:B13) -> 898000 | D14: =SUM(D2:D13) -> 915960 | E14: =SUM(E2:E13) -> 731500 | G14: =SUM(G2:G13) -> 12851.8 | H14: =SUM(H2:H13) -> 2570.36 | I14: =MIN(פרמטרים!$B$10,SUM(I2:I13)) -> 38570.36 | J14: =SUM(J2:J13) -> 30760 | K14: =J14-I14 -> -7810.36
A16: חודש עם רווח בפועל 0 = טרם נמדד; משולם retainer בלבד. החרגה=1 מבטלת את הרכיב המשתנה לאותו חודש.
A17: נתוני הדוגמה פיקטיביים — להחליף בנתוני קופה / P&L של הלקוח.

Sheet תרחישים
A1: סימולציית תרחישים — שנה מלאה מול בייסליין מנורמל
A3: תרחיש | B3: פסימי | C3: בסיס | D3: אופטימי
A4: שיפור ברווח גולמי מול בייסליין מנורמל | B4: 0.02 | C4: 0.08 | D4: 0.15
A5: שיפור שנתי ללקוח (₪) | B5: =SUM('חישוב חודשי'!D2:D13)*B4 -> 18319.2 | C5: =SUM('חישוב חודשי'!D2:D13)*C4 -> 73276.8 | D5: =SUM('חישוב חודשי'!D2:D13)*D4 -> 137394
A6: תשלום שנתי ליועץ (₪) | B6: =MIN(פרמטרים!$B$10,SUM(B20:B31)) -> 36000 | C6: =MIN(פרמטרים!$B$10,SUM(C20:C31)) -> 45159.6 | D6: =MIN(פרמטרים!$B$10,SUM(D20:D31)) -> 57983.04
A7: מתוכו retainer (₪) | B7: =MIN(פרמטרים!$B$10,פרמטרים!$B$5*12) -> 36000 | C7: =MIN(פרמטרים!$B$10,פרמטרים!$B$5*12) -> 36000 | D7: =MIN(פרמטרים!$B$10,פרמטרים!$B$5*12) -> 36000
A8: נשאר ללקוח אחרי תשלום (₪) | B8: =B5-B6 -> -17680.8 | C8: =C5-C6 -> 28117.2 | D8: =D5-D6 -> 79410.96
A9: חלק היועץ מהשיפור | B9: =IF(B5=0,0,B6/B5) -> 1.9651513 | C9: =IF(C5=0,0,C6/C5) -> 0.61628783 | D9: =IF(D5=0,0,D6/D5) -> 0.42202018
A11: בדיקת סבירות: בתרחיש פסימי הלקוח עלול לשלם retainer בלי שיפור. ודא ש'נשאר ללקוח' חיובי בתרחיש הבסיס.
A19: חישוב עזר לפי חודש (לא לעריכה)
A20: ='חישוב חודשי'!A2 -> ינואר | B20: =MIN(פרמטרים!$B$9,פרמטרים!$B$5+פרמטרים!$B$6*MAX(0,'חישוב חודשי'!D2*(1+B$4)-'חישוב חודשי'!D2*(1+פרמטרים!$B$7))) -> 3000 | C20: =MIN(פרמטרים!$B$9,פרמטרים!$B$5+פרמטרים!$B$6*MAX(0,'חישוב חודשי'!D2*(1+C$4)-'חישוב חודשי'!D2*(1+פרמטרים!$B$7))) -> 3632.4 | D20: =MIN(פרמטרים!$B$9,פרמטרים!$B$5+פרמטרים!$B$6*MAX(0,'חישוב חודשי'!D2*(1+D$4)-'חישוב חודשי'!D2*(1+פרמטרים!$B$7))) -> 4517.76
A21: ='חישוב חודשי'!A3 -> פברואר | B21: =MIN(פרמטרים!$B$9,פרמטרים!$B$5+פרמטרים!$B$6*MAX(0,'חישוב חודשי'!D3*(1+B$4)-'חישוב חודשי'!D3*(1+פרמטרים!$B$7))) -> 3000 | C21: =MIN(פרמטרים!$B$9,פרמטרים!$B$5+פרמטרים!$B$6*MAX(0,'חישוב חודשי'!D3*(1+C$4)-'חישוב חודשי'!D3*(1+פרמטרים!$B$7))) -> 3612 | D21: =MIN(פרמטרים!$B$9,פרמטרים!$B$5+פרמטרים!$B$6*MAX(0,'חישוב חודשי'!D3*(1+D$4)-'חישוב חודשי'!D3*(1+פרמטרים!$B$7))) -> 4468.8
A22: ='חישוב חודשי'!A4 -> מרץ | B22: =MIN(פרמטרים!$B$9,פרמטרים!$B$5+פרמטרים!$B$6*MAX(0,'חישוב חודשי'!D4*(1+B$4)-'חישוב חודשי'!D4*(1+פרמטרים!$B$7))) -> 3000 | C22: =MIN(פרמטרים!$B$9,פרמטרים!$B$5+פרמטרים!$B$6*MAX(0,'חישוב חודשי'!D4*(1+C$4)-'חישוב חודשי'!D4*(1+פרמטרים!$B$7))) -> 3693.6 | D22: =MIN(פרמטרים!$B$9,פרמטרים!$B$5+פרמטרים!$B$6*MAX(0,'חישוב חודשי'!D4*(1+D$4)-'חישוב חודשי'!D4*(1+פרמטרים!$B$7))) -> 4664.64
A23: ='חישוב חודשי'!A5 -> אפריל | B23: =MIN(פרמטרים!$B$9,פרמטרים!$B$5+פרמטרים!$B$6*MAX(0,'חישוב חודשי'!D5*(1+B$4)-'חישוב חודשי'!D5*(1+פרמטרים!$B$7))) -> 3000 | C23: =MIN(פרמטרים!$B$9,פרמטרים!$B$5+פרמטרים!$B$6*MAX(0,'חישוב חודשי'!D5*(1+C$4)-'חישוב חודשי'!D5*(1+פרמטרים!$B$7))) -> 3734.4 | D23: =MIN(פרמטרים!$B$9,פרמטרים!$B$5+פרמטרים!$B$6*MAX(0,'חישוב חודשי'!D5*(1+D$4)-'חישוב חודשי'!D5*(1+פרמטרים!$B$7))) -> 4762.56
A24: ='חישוב חודשי'!A6 -> מאי | B24: =MIN(פרמטרים!$B$9,פרמטרים!$B$5+פרמטרים!$B$6*MAX(0,'חישוב חודשי'!D6*(1+B$4)-'חישוב חודשי'!D6*(1+פרמטרים!$B$7))) -> 3000 | C24: =MIN(פרמטרים!$B$9,פרמטרים!$B$5+פרמטרים!$B$6*MAX(0,'חישוב חודשי'!D6*(1+C$4)-'חישוב חודשי'!D6*(1+פרמטרים!$B$7))) -> 3795.6 | D24: =MIN(פרמטרים!$B$9,פרמטרים!$B$5+פרמטרים!$B$6*MAX(0,'חישוב חודשי'!D6*(1+D$4)-'חישוב חודשי'!D6*(1+פרמטרים!$B$7))) -> 4909.44
A25: ='חישוב חודשי'!A7 -> יוני | B25: =MIN(פרמטרים!$B$9,פרמטרים!$B$5+פרמטרים!$B$6*MAX(0,'חישוב חודשי'!D7*(1+B$4)-'חישוב חודשי'!D7*(1+פרמטרים!$B$7))) -> 3000 | C25: =MIN(פרמטרים!$B$9,פרמטרים!$B$5+פרמטרים!$B$6*MAX(0,'חישוב חודשי'!D7*(1+C$4)-'חישוב חודשי'!D7*(1+פרמטרים!$B$7))) -> 3867 | D25: =MIN(פרמטרים!$B$9,פרמטרים!$B$5+פרמטרים!$B$6*MAX(0,'חישוב חודשי'!D7*(1+D$4)-'חישוב חודשי'!D7*(1+פרמטרים!$B$7))) -> 5080.8
A26: ='חישוב חודשי'!A8 -> יולי | B26: =MIN(פרמטרים!$B$9,פרמטרים!$B$5+פרמטרים!$B$6*MAX(0,'חישוב חודשי'!D8*(1+B$4)-'חישוב חודשי'!D8*(1+פרמטרים!$B$7))) -> 3000 | C26: =MIN(פרמטרים!$B$9,פרמטרים!$B$5+פרמטרים!$B$6*MAX(0,'חישוב חודשי'!D8*(1+C$4)-'חישוב חודשי'!D8*(1+פרמטרים!$B$7))) -> 3918 | D26: =MIN(פרמטרים!$B$9,פרמטרים!$B$5+פרמטרים!$B$6*MAX(0,'חישוב חודשי'!D8*(1+D$4)-'חישוב חודשי'!D8*(1+פרמטרים!$B$7))) -> 5203.2
A27: ='חישוב חודשי'!A9 -> אוגוסט | B27: =MIN(פרמטרים!$B$9,פרמטרים!$B$5+פרמטרים!$B$6*MAX(0,'חישוב חודשי'!D9*(1+B$4)-'חישוב חודשי'!D9*(1+פרמטרים!$B$7))) -> 3000 | C27: =MIN(פרמטרים!$B$9,פרמטרים!$B$5+פרמטרים!$B$6*MAX(0,'חישוב חודשי'!D9*(1+C$4)-'חישוב חודשי'!D9*(1+פרמטרים!$B$7))) -> 3938.4 | D27: =MIN(פרמטרים!$B$9,פרמטרים!$B$5+פרמטרים!$B$6*MAX(0,'חישוב חודשי'!D9*(1+D$4)-'חישוב חודשי'!D9*(1+פרמטרים!$B$7))) -> 5252.16
A28: ='חישוב חודשי'!A10 -> ספטמבר | B28: =MIN(פרמטרים!$B$9,פרמטרים!$B$5+פרמטרים!$B$6*MAX(0,'חישוב חודשי'!D10*(1+B$4)-'חישוב חודשי'!D10*(1+פרמטרים!$B$7))) -> 3000 | C28: =MIN(פרמטרים!$B$9,פרמטרים!$B$5+פרמטרים!$B$6*MAX(0,'חישוב חודשי'!D10*(1+C$4)-'חישוב חודשי'!D10*(1+פרמטרים!$B$7))) -> 3816 | D28: =MIN(פרמטרים!$B$9,פרמטרים!$B$5+פרמטרים!$B$6*MAX(0,'חישוב חודשי'!D10*(1+D$4)-'חישוב חודשי'!D10*(1+פרמטרים!$B$7))) -> 4958.4
A29: ='חישוב חודשי'!A11 -> אוקטובר | B29: =MIN(פרמטרים!$B$9,פרמטרים!$B$5+פרמטרים!$B$6*MAX(0,'חישוב חודשי'!D11*(1+B$4)-'חישוב חודשי'!D11*(1+פרמטרים!$B$7))) -> 3000 | C29: =MIN(פרמטרים!$B$9,פרמטרים!$B$5+פרמטרים!$B$6*MAX(0,'חישוב חודשי'!D11*(1+C$4)-'חישוב חודשי'!D11*(1+פרמטרים!$B$7))) -> 3765 | D29: =MIN(פרמטרים!$B$9,פרמטרים!$B$5+פרמטרים!$B$6*MAX(0,'חישוב חודשי'!D11*(1+D$4)-'חישוב חודשי'!D11*(1+פרמטרים!$B$7))) -> 4836
A30: ='חישוב חודשי'!A12 -> נובמבר | B30: =MIN(פרמטרים!$B$9,פרמטרים!$B$5+פרמטרים!$B$6*MAX(0,'חישוב חודשי'!D12*(1+B$4)-'חישוב חודשי'!D12*(1+פרמטרים!$B$7))) -> 3000 | C30: =MIN(פרמטרים!$B$9,פרמטרים!$B$5+פרמטרים!$B$6*MAX(0,'חישוב חודשי'!D12*(1+C$4)-'חישוב חודשי'!D12*(1+פרמטרים!$B$7))) -> 3673.2 | D30: =MIN(פרמטרים!$B$9,פרמטרים!$B$5+פרמטרים!$B$6*MAX(0,'חישוב חודשי'!D12*(1+D$4)-'חישוב חודשי'!D12*(1+פרמטרים!$B$7))) -> 4615.68
A31: ='חישוב חודשי'!A13 -> דצמבר | B31: =MIN(פרמטרים!$B$9,פרמטרים!$B$5+פרמטרים!$B$6*MAX(0,'חישוב חודשי'!D13*(1+B$4)-'חישוב חודשי'!D13*(1+פרמטרים!$B$7))) -> 3000 | C31: =MIN(פרמטרים!$B$9,פרמטרים!$B$5+פרמטרים!$B$6*MAX(0,'חישוב חודשי'!D13*(1+C$4)-'חישוב חודשי'!D13*(1+פרמטרים!$B$7))) -> 3714 | D31: =MIN(פרמטרים!$B$9,פרמטרים!$B$5+פרמטרים!$B$6*MAX(0,'חישוב חודשי'!D13*(1+D$4)-'חישוב חודשי'!D13*(1+פרמטרים!$B$7))) -> 4713.6
